property_id,area_m2,bedrooms,bathrooms,parking_spaces,district,age_years,price_usd
P00001,97.9,1,2,1,La Molina,8.0,181675.24
P00002,94.2,4,2,0,Barranco,25.0,187639.06
P00003,92.3,1,1,0,San Borja,5.0,112507.95
P00004,127.2,3,2,2,Miraflores,2.0,262332.6
P00005,102.5,3,2,0,Barranco,12.0,198356.62
P00006,140.2,1,3,2,Miraflores,27.0,251922.02
P00007,120.7,2,2,1,Barranco,20.0,216199.64
P00008,126.6,2,1,1,San Borja,24.0,232297.59
P00009,94.8,4,2,0,San Isidro,16.0,213758.98
P00010,116.3,4,1,0,Miraflores,34.0,244839.32
P00011,151.3,1,1,1,San Borja,15.0,243582.62
P00012,114.8,1,2,1,La Molina,21.0,223552.65
P00013,165.7,2,1,0,Miraflores,37.0,234317.68
P00014,103.3,3,2,1,Barranco,35.0,231877.87
P00015,132.7,2,2,2,Surco,23.0,240006.02
P00016,110.4,3,2,0,Miraflores,19.0,213582.63
P00017,79.2,2,1,2,San Isidro,3.0,177203.86
P00018,127.0,2,3,1,Surco,13.0,245445.86
P00019,166.4,1,2,1,La Molina,7.0,245328.46
P00020,107.6,2,1,1,Miraflores,4.0,180885.74
P00021,66.3,4,1,0,San Isidro,9.0,167694.76
P00022,111.2,1,3,2,Surco,47.0,196134.79
P00023,110.1,4,2,0,Surco,37.0,191386.78
P00024,144.3,1,2,1,Surco,2.0,263927.34
P00025,86.1,4,3,1,San Isidro,11.0,259895.92
P00026,108.4,2,2,2,Surco,22.0,187278.4
P00027,117.8,4,3,2,Surco,11.0,257528.75
P00028,114.3,4,1,2,Barranco,18.0,238317.57
P00029,122.1,2,3,2,La Molina,24.0,264211.83
P00030,91.7,4,3,1,La Molina,24.0,233668.64
P00031,98.1,2,1,1,Surco,27.0,186760.68
P00032,115.3,3,2,0,Barranco,7.0,204403.91
P00033,184.9,3,3,0,La Molina,33.0,307428.23
P00034,118.3,3,1,0,La Molina,13.0,217917.43
P00035,84.7,4,1,1,Barranco,11.0,183185.3
P00036,103.3,4,3,1,San Borja,24.0,248554.75
P00037,138.5,4,3,0,San Borja,4.0,283732.89
P00038,153.2,3,3,2,Miraflores,1.0,318132.26
P00039,123.4,2,1,2,Barranco,24.0,214608.78
P00040,146.8,4,1,0,Miraflores,20.0,280395.73
P00041,93.2,2,2,0,Surco,4.0,163010.43
P00042,82.1,3,1,2,La Molina,20.0,167929.97
P00043,139.2,1,2,1,Miraflores,16.0,247910.62
P00044,108.6,4,3,2,La Molina,36.0,222386.35
P00045,112.6,1,1,0,La Molina,19.0,181851.22
P00046,116.4,4,3,0,San Isidro,23.0,273828.29
P00047,103.7,1,1,2,Miraflores,27.0,178648.99
P00048,92.9,3,2,0,Miraflores,19.0,202185.33
P00049,113.8,2,2,1,San Isidro,14.0,219681.95
P00050,128.7,3,3,1,Miraflores,29.0,284317.4
P00051,116.7,1,1,1,San Isidro,35.0,221317.59
P00052,83.3,2,1,2,La Molina,16.0,139888.21
P00053,128.6,1,3,1,Surco,23.0,218288.13
P00054,133.1,3,1,2,Barranco,3.0,264637.55
P00055,138.1,4,1,1,Miraflores,20.0,270475.18
P00056,138.8,2,3,1,Miraflores,6.0,282636.42
P00057,181.9,2,1,0,Surco,13.0,294401.25
P00058,87.8,3,2,0,Barranco,39.0,166002.55
P00059,111.3,3,1,0,Miraflores,10.0,240565.97
P00060,153.6,2,2,1,San Isidro,26.0,258899.89
P00061,117.3,3,1,0,Miraflores,12.0,228336.59
P00062,80.2,3,1,1,Surco,20.0,154818.15
P00063,133.7,1,3,1,San Isidro,26.0,241139.08
P00064,160.3,2,3,1,Barranco,13.0,290210.45
P00065,78.4,1,1,0,San Borja,33.0,127903.67
P00066,97.8,1,3,0,San Isidro,15.0,192691.69
P00067,99.8,1,1,1,Barranco,13.0,168612.19
P00068,69.4,4,1,2,San Isidro,9.0,175446.24
P00069,114.9,3,1,0,Barranco,21.0,205936.38
P00070,151.6,2,3,1,San Isidro,8.0,290213.39
P00071,118.6,1,3,0,San Isidro,23.0,206447.53
P00072,156.0,1,2,2,Surco,12.0,235065.29
P00073,122.9,2,1,1,Barranco,16.0,214548.64
P00074,118.3,2,3,2,Miraflores,22.0,259075.04
P00075,136.9,3,1,2,San Isidro,7.0,261656.84
P00076,109.5,4,1,1,San Borja,26.0,230797.72
P00077,50.5,4,3,0,Surco,12.0,169870.88
P00078,148.5,3,2,2,San Borja,19.0,281906.2
P00079,184.4,2,3,1,San Isidro,22.0,315862.35
P00080,187.3,4,1,1,Miraflores,10.0,340386.36
P00081,222.8,1,1,0,Surco,21.0,307483.67
P00082,111.0,2,2,2,San Borja,23.0,233841.65
P00083,143.8,2,3,2,Miraflores,17.0,272703.82
P00084,91.0,3,3,1,Miraflores,21.0,251338.12
P00085,102.8,3,3,0,La Molina,33.0,195584.18
P00086,100.5,4,2,0,La Molina,35.0,181709.47
P00087,149.2,2,1,0,La Molina,17.0,225976.95
P00088,115.5,4,3,2,La Molina,31.0,254729.92
P00089,82.9,2,2,1,Barranco,15.0,196235.28
P00090,97.6,2,2,1,San Isidro,18.0,218148.73
P00091,67.4,4,3,0,Surco,28.0,188118.15
P00092,76.0,2,2,0,San Isidro,13.0,153280.67
P00093,155.3,1,2,2,Surco,18.0,230726.36
P00094,102.6,4,1,2,Barranco,11.0,217796.31
P00095,104.5,1,2,1,Surco,22.0,168402.49
P00096,158.3,4,3,2,San Isidro,12.0,317023.07
P00097,133.0,2,3,1,San Isidro,13.0,265471.85
P00098,105.7,1,1,0,Surco,18.0,155585.3
P00099,55.6,1,2,1,Surco,21.0,116693.74
P00100,107.8,3,3,1,Barranco,9.0,231659.5
P00101,79.7,1,1,1,La Molina,21.0,124617.48
P00102,127.7,4,1,1,La Molina,9.0,222063.89
P00103,101.6,1,2,1,La Molina,7.0,206130.75
P00104,125.5,1,1,2,Barranco,32.0,229115.36
P00105,94.5,1,3,2,San Borja,18.0,190646.55
P00106,86.8,2,3,0,Surco,11.0,187658.95
P00107,119.2,4,3,1,San Borja,36.0,228792.38
P00108,104.6,2,3,1,Barranco,19.0,231871.57
P00109,84.1,4,3,0,San Borja,22.0,204620.36
P00110,145.5,2,2,0,Surco,3.0,241640.32
P00111,149.3,2,2,2,La Molina,31.0,265956.0
P00112,118.9,3,2,2,San Borja,16.0,230626.45
P00113,104.5,1,2,0,San Isidro,39.0,197085.46
P00114,90.0,2,1,0,San Borja,14.0,139387.03
P00115,121.0,4,3,2,Surco,33.0,244800.62
P00116,115.1,4,1,2,San Borja,24.0,226465.27
P00117,168.4,4,2,1,Miraflores,22.0,303816.79
P00118,143.0,4,3,2,Surco,28.0,286083.84
P00119,72.1,1,3,0,Surco,1.0,160793.91
P00120,92.0,1,1,0,San Isidro,5.0,171082.2
P00121,135.7,1,3,2,San Isidro,16.0,252885.92
P00122,80.0,1,3,0,Surco,30.0,173396.06
P00123,159.8,3,1,1,San Isidro,39.0,268544.62
P00124,89.8,3,2,0,Barranco,36.0,187201.09
P00125,64.2,3,3,2,Surco,14.0,167297.42
P00126,144.8,3,1,2,San Isidro,24.0,269235.09
P00127,129.0,3,1,0,La Molina,28.0,219860.98
P00128,157.1,2,3,2,Barranco,15.0,273231.25
P00129,127.0,3,1,1,Miraflores,21.0,210361.65
P00130,84.3,4,2,0,Miraflores,41.0,196448.11
P00131,101.8,2,3,0,Surco,21.0,183379.04
P00132,113.9,1,3,0,Miraflores,18.0,226601.56
P00133,130.1,1,2,1,San Isidro,17.0,246021.93
P00134,114.1,1,2,1,San Borja,21.0,195612.56
P00135,124.7,3,1,0,La Molina,15.0,246451.25
P00136,162.8,1,1,0,Surco,18.0,245422.65
P00137,172.2,1,1,1,Barranco,7.0,273621.42
P00138,79.7,4,1,0,San Borja,10.0,143526.62
P00139,146.1,4,2,2,Surco,13.0,274296.91
P00140,100.1,3,2,0,La Molina,22.0,185523.5
P00141,174.5,3,1,1,San Isidro,18.0,267267.12
P00142,113.3,4,1,2,La Molina,21.0,217644.11
P00143,85.6,3,3,2,Surco,5.0,205801.65
P00144,134.1,3,1,2,Miraflores,19.0,234842.05
P00145,129.6,3,3,0,San Borja,22.0,273606.67
P00146,144.3,4,2,0,La Molina,24.0,246970.3
P00147,128.9,2,1,2,Surco,18.0,231020.6
P00148,134.2,1,2,1,San Borja,20.0,232886.82
P00149,109.4,1,3,2,San Borja,22.0,213905.97
P00150,133.3,3,3,0,Miraflores,50.0,263660.74
P00151,98.4,3,2,0,Surco,11.0,201230.12
P00152,80.0,3,2,1,San Isidro,16.0,220755.68
P00153,96.4,2,1,0,Surco,28.0,165993.63
P00154,72.3,2,2,2,San Isidro,38.0,208662.98
P00155,129.5,2,2,0,San Borja,20.0,228582.12
P00156,100.2,1,1,1,San Isidro,0.0,176733.59
P00157,110.1,3,1,2,San Isidro,22.0,224773.96
P00158,108.9,2,3,2,Surco,4.0,207033.55
P00159,146.4,1,2,0,Barranco,18.0,238671.17
P00160,78.6,4,2,1,Barranco,27.0,211193.64
P00161,132.4,3,1,2,Barranco,12.0,229242.77
P00162,128.8,1,1,1,La Molina,9.0,213156.68
P00163,106.5,4,3,0,San Isidro,14.0,236864.79
P00164,145.3,2,1,2,Barranco,28.0,233131.0
P00165,89.5,2,3,0,San Borja,4.0,176033.32
P00166,122.4,2,2,2,San Isidro,22.0,266405.75
P00167,147.3,4,3,1,San Borja,40.0,258609.06
P00168,83.7,1,2,2,San Isidro,8.0,184828.48
P00169,83.2,4,1,2,San Borja,19.0,162331.3
P00170,95.1,3,2,1,La Molina,23.0,210826.63
P00171,104.2,4,1,2,Surco,33.0,189097.42
P00172,104.6,1,2,1,La Molina,25.0,166946.08
P00173,113.8,2,2,0,San Isidro,15.0,188944.63
P00174,94.9,4,2,0,Miraflores,18.0,208781.02
P00175,95.6,2,1,2,San Isidro,29.0,185196.95
P00176,85.2,3,1,1,San Borja,22.0,173045.85
P00177,106.2,2,2,2,Barranco,16.0,215106.95
P00178,100.8,3,3,1,Surco,5.0,217271.3
P00179,147.2,4,1,1,San Isidro,32.0,260650.01
P00180,141.8,3,2,2,Miraflores,26.0,278476.83
P00181,73.3,1,1,2,San Borja,2.0,176844.97
P00182,111.5,3,3,1,San Borja,22.0,216240.2
P00183,119.2,4,1,2,San Isidro,20.0,239492.29
P00184,151.7,3,2,2,San Borja,10.0,257985.43
P00185,157.0,4,1,2,La Molina,21.0,275946.64
P00186,153.6,1,3,0,San Borja,11.0,261152.69
P00187,92.9,4,2,1,La Molina,14.0,168998.98
P00188,75.5,2,1,0,San Isidro,9.0,158076.23
P00189,92.9,3,3,0,Surco,20.0,215616.69
P00190,79.0,3,2,2,San Borja,24.0,178746.12
P00191,134.5,2,2,1,San Borja,32.0,252944.7
P00192,135.6,3,2,1,San Isidro,11.0,260978.67
P00193,89.0,4,3,2,San Borja,29.0,226548.24
P00194,86.4,4,1,0,Miraflores,4.0,187741.23
P00195,94.6,2,1,2,La Molina,16.0,197708.2
P00196,145.0,4,1,0,Barranco,20.0,266167.4
P00197,57.3,2,3,0,La Molina,24.0,118429.18
P00198,137.6,3,2,1,San Isidro,22.0,256755.98
P00199,141.2,1,2,1,Miraflores,2.0,217987.08
P00200,141.6,2,1,1,La Molina,23.0,247148.68
P00201,138.7,1,1,0,Surco,13.0,205587.3
P00202,141.8,2,2,0,San Isidro,23.0,239157.75
P00203,106.2,1,2,0,San Borja,11.0,179867.18
P00204,95.3,3,1,0,La Molina,27.0,184721.41
P00205,63.8,1,3,1,Surco,21.0,158831.2
P00206,101.2,2,1,2,Barranco,20.0,227493.35
P00207,123.5,4,3,2,Barranco,1.0,271645.12
P00208,123.0,1,3,2,Surco,24.0,229244.12
P00209,144.5,3,3,1,La Molina,35.0,240450.75
P00210,113.1,3,3,1,Miraflores,51.0,219778.87
P00211,133.3,2,1,1,Barranco,13.0,232373.22
P00212,149.1,3,2,0,San Isidro,25.0,252308.01
P00213,121.7,4,2,0,Miraflores,31.0,233309.95
P00214,111.0,2,2,0,San Isidro,29.0,228266.39
P00215,76.0,3,2,2,La Molina,23.0,178756.0
P00216,89.9,4,3,2,San Borja,29.0,206389.65
P00217,150.1,1,3,0,Miraflores,19.0,285335.16
P00218,125.6,1,1,2,Surco,23.0,205406.4
P00219,67.8,1,2,0,La Molina,17.0,151176.31
P00220,125.4,1,3,0,San Borja,14.0,213518.65
P00221,98.3,3,1,1,La Molina,4.0,174492.9
P00222,145.5,3,3,2,San Borja,30.0,259108.76
P00223,102.1,1,1,1,Miraflores,14.0,161247.82
P00224,118.0,3,3,0,La Molina,17.0,232142.93
P00225,161.9,1,1,0,Barranco,26.0,269282.83
P00226,143.6,4,1,0,San Isidro,35.0,263392.13
P00227,129.7,4,1,1,Surco,26.0,205096.38
P00228,167.1,3,2,2,San Isidro,8.0,306967.79
P00229,156.9,1,1,2,Miraflores,2.0,278804.5
P00230,95.8,4,3,2,Miraflores,5.0,255835.09
P00231,117.7,2,1,0,Miraflores,8.0,205572.36
P00232,130.6,4,1,0,Surco,15.0,226449.39
P00233,156.3,2,2,2,Barranco,13.0,258039.57
P00234,112.9,1,2,2,Surco,19.0,207010.03
P00235,74.2,1,2,0,San Isidro,15.0,144745.57
P00236,137.6,1,1,1,Surco,17.0,170325.37
P00237,112.8,4,1,1,Miraflores,9.0,226392.87
P00238,164.7,2,1,1,San Borja,23.0,259380.0
P00239,51.3,2,3,1,La Molina,20.0,166815.27
P00240,183.4,3,2,0,San Borja,39.0,306751.65
P00241,99.6,1,3,2,Surco,18.0,201530.37
P00242,58.3,4,2,2,San Borja,15.0,127592.31
P00243,122.7,3,1,2,La Molina,32.0,228047.59
P00244,149.4,2,2,2,San Isidro,14.0,269236.04
P00245,112.6,2,3,1,La Molina,37.0,237136.36
P00246,149.8,3,2,0,Barranco,1.0,261652.43
P00247,104.5,3,2,1,Barranco,0.0,256774.37
P00248,157.2,2,3,0,La Molina,23.0,251006.49
P00249,110.9,4,3,1,Barranco,27.0,235498.4
P00250,132.3,1,3,2,La Molina,18.0,226900.07
P00251,171.1,2,3,1,La Molina,28.0,269218.14
P00252,134.4,3,2,2,Miraflores,22.0,285908.05
P00253,107.4,3,2,1,La Molina,30.0,185664.97
P00254,100.2,2,3,2,San Isidro,26.0,234911.09
P00255,134.1,3,3,2,Miraflores,28.0,248776.13
P00256,87.8,4,2,0,Barranco,21.0,191106.72
P00257,114.3,4,2,2,Barranco,25.0,241060.48
P00258,105.6,2,1,2,Barranco,20.0,169493.02
P00259,68.0,1,3,2,San Borja,18.0,140526.91
P00260,130.6,4,2,2,Barranco,33.0,259301.13
P00261,151.7,4,1,2,La Molina,31.0,272390.99
P00262,111.0,3,1,2,San Isidro,26.0,252128.73
P00263,75.6,3,2,2,San Borja,28.0,173928.57
P00264,133.7,2,3,2,La Molina,45.0,216574.57
P00265,60.4,1,3,1,San Isidro,16.0,174255.44
P00266,101.0,4,1,2,Miraflores,18.0,219489.65
P00267,118.0,4,2,1,Surco,32.0,210256.13
P00268,103.7,4,1,1,Surco,24.0,198352.01
P00269,71.3,4,1,2,La Molina,16.0,172966.51
P00270,132.6,3,1,0,San Borja,22.0,216982.27
P00271,122.5,3,1,0,Miraflores,24.0,206205.47
P00272,114.1,2,3,1,Barranco,5.0,249924.19
P00273,156.5,2,3,0,La Molina,25.0,236181.67
P00274,109.1,3,3,2,San Borja,21.0,231132.14
P00275,135.8,2,2,0,Surco,22.0,228146.45
P00276,59.3,1,1,2,La Molina,19.0,130334.88
P00277,135.2,3,1,2,San Isidro,34.0,273096.22
P00278,93.0,2,3,1,Miraflores,34.0,202288.58
P00279,142.9,3,1,0,San Isidro,20.0,258184.08
P00280,87.7,2,2,2,Surco,9.0,158426.16
P00281,147.0,4,1,1,Surco,14.0,244765.72
P00282,117.0,2,3,2,San Borja,6.0,243235.67
P00283,148.6,3,1,1,Barranco,11.0,282915.63
P00284,162.6,4,3,2,Miraflores,17.0,356933.52
P00285,132.0,4,1,1,Miraflores,21.0,245937.4
P00286,89.5,2,1,1,San Borja,15.0,168337.2
P00287,133.3,2,1,0,San Isidro,27.0,217910.48
P00288,93.5,4,2,1,Barranco,7.0,211471.35
P00289,129.7,3,1,0,La Molina,18.0,217987.88
P00290,96.0,4,2,0,Miraflores,1.0,212449.24
P00291,88.0,1,2,0,San Borja,25.0,148193.05
P00292,94.3,3,2,2,Barranco,39.0,203977.04
P00293,131.7,3,3,2,Miraflores,19.0,254494.29
P00294,116.9,1,3,1,La Molina,28.0,187401.31
P00295,137.4,4,3,1,San Borja,3.0,280029.02
P00296,104.5,1,3,1,Surco,20.0,225862.43
P00297,160.8,3,3,0,La Molina,17.0,298201.01
P00298,75.6,3,1,2,La Molina,18.0,162953.65
P00299,117.1,1,3,1,Barranco,22.0,225571.25
P00300,86.5,2,1,2,Surco,22.0,156366.78
P00301,127.9,4,2,0,Miraflores,27.0,217950.21
P00302,162.5,1,3,0,Surco,1.0,259262.75
P00303,125.0,3,2,2,Surco,12.0,241409.59
P00304,148.8,3,2,2,San Borja,12.0,237385.91
P00305,135.3,4,2,1,San Isidro,29.0,292895.26
P00306,124.3,3,3,2,Barranco,3.0,256504.99
P00307,148.3,3,3,0,La Molina,30.0,277521.74
P00308,124.8,2,2,1,Barranco,17.0,227269.88
P00309,120.4,4,2,0,La Molina,23.0,227132.48
P00310,112.1,3,2,1,Barranco,22.0,232603.82
P00311,137.3,4,1,0,San Isidro,23.0,251608.31
P00312,79.5,4,3,1,San Borja,4.0,203753.79
P00313,151.0,2,1,0,San Isidro,13.0,247378.13
P00314,55.2,1,1,2,San Borja,33.0,97518.25
P00315,116.8,4,1,1,San Borja,16.0,253377.42
P00316,138.1,1,2,1,San Borja,16.0,222110.6
P00317,99.4,4,1,0,Surco,18.0,185407.7
P00318,128.6,3,3,1,San Isidro,13.0,275824.91
P00319,99.2,4,1,0,Barranco,16.0,195986.23
P00320,104.3,3,3,2,San Isidro,24.0,253272.82
P00321,154.2,2,3,1,San Borja,36.0,272330.29
P00322,138.2,1,2,0,La Molina,20.0,244109.46
P00323,101.5,4,3,1,Barranco,19.0,230022.19
P00324,94.1,2,2,0,San Isidro,14.0,175778.72
P00325,139.5,2,2,2,Surco,21.0,241205.44
P00326,95.0,1,3,0,Surco,27.0,167867.65
P00327,131.9,2,1,1,La Molina,13.0,193210.28
P00328,122.1,4,1,2,Barranco,16.0,264604.83
P00329,101.3,1,1,2,Barranco,26.0,157589.33
P00330,140.6,2,2,2,San Isidro,24.0,271487.17
P00331,184.4,3,1,0,San Isidro,29.0,294137.16
P00332,58.2,2,2,2,San Borja,28.0,175122.71
P00333,95.8,2,1,2,Barranco,29.0,224477.58
P00334,106.6,2,3,1,Barranco,19.0,191350.4
P00335,99.7,1,1,2,San Borja,8.0,183918.96
P00336,159.0,2,2,1,Miraflores,15.0,275707.47
P00337,114.9,1,3,1,Barranco,14.0,213951.36
P00338,133.1,4,1,1,Miraflores,21.0,259463.11
P00339,132.3,1,2,0,Barranco,25.0,234448.25
P00340,158.8,4,1,0,Barranco,26.0,268063.61
P00341,82.4,2,2,2,Surco,24.0,166870.04
P00342,109.5,1,3,0,Barranco,11.0,201375.08
P00343,84.3,1,1,2,La Molina,15.0,151398.37
P00344,52.2,1,1,0,Miraflores,4.0,133746.59
P00345,60.0,4,2,0,San Isidro,30.0,155763.98
P00346,94.7,1,1,2,San Isidro,21.0,176109.5
P00347,101.5,4,2,2,San Borja,17.0,246589.38
P00348,164.2,4,2,2,Barranco,10.0,307038.47
P00349,125.7,1,2,2,Miraflores,29.0,240898.58
P00350,114.5,4,3,1,La Molina,24.0,249714.75
P00351,85.1,4,2,0,San Borja,14.0,185054.76
P00352,83.5,2,3,1,San Borja,25.0,194536.48
P00353,136.1,3,1,0,San Isidro,24.0,251205.78
P00354,170.8,4,1,2,Barranco,27.0,300111.8
P00355,90.7,4,1,1,Miraflores,25.0,205210.85
P00356,119.4,1,1,2,Surco,8.0,199832.21
P00357,122.0,2,2,1,Barranco,10.0,228223.52
P00358,99.7,4,3,0,San Borja,37.0,224186.48
P00359,166.5,4,3,0,Surco,22.0,265389.19
P00360,181.5,2,1,0,Surco,30.0,262979.89
P00361,160.6,1,2,0,Miraflores,25.0,245999.7
P00362,169.0,1,1,0,San Borja,20.0,225723.32
P00363,142.0,3,2,1,San Isidro,23.0,270511.15
P00364,73.6,1,3,0,La Molina,22.0,176020.19
P00365,107.5,2,1,0,Surco,31.0,185980.52
P00366,113.3,1,2,2,San Isidro,13.0,226836.32
P00367,121.5,1,3,2,Barranco,6.0,215478.33
P00368,157.5,4,3,0,Surco,12.0,289083.14
P00369,105.0,1,1,0,La Molina,6.0,188855.26
P00370,198.2,4,3,1,San Borja,31.0,369408.18
P00371,118.6,4,3,1,Barranco,22.0,259730.76
P00372,133.6,3,1,0,Surco,28.0,233651.08
P00373,175.8,4,3,2,La Molina,8.0,327654.11
P00374,147.5,3,3,2,San Isidro,20.0,304913.72
P00375,99.7,3,2,1,Barranco,10.0,226701.11
P00376,114.6,2,3,2,La Molina,21.0,242087.74
P00377,120.9,2,1,2,Miraflores,17.0,213362.21
P00378,54.1,2,1,1,La Molina,14.0,124628.69
P00379,118.0,3,3,1,Surco,25.0,255758.06
P00380,106.4,4,3,1,Miraflores,7.0,268712.89
P00381,115.1,1,1,0,San Borja,24.0,166915.77
P00382,130.8,4,3,2,Surco,20.0,246251.82
P00383,171.0,1,3,1,Surco,27.0,283758.21
P00384,170.1,1,3,1,Barranco,16.0,303388.58
P00385,136.8,1,3,0,Surco,0.0,228743.44
P00386,96.1,2,1,0,San Borja,18.0,137642.55
P00387,104.2,1,3,2,Surco,6.0,208911.46
P00388,145.9,4,2,2,San Isidro,41.0,289635.54
P00389,102.0,3,2,2,San Borja,26.0,219562.09
P00390,108.5,2,3,2,San Borja,30.0,226310.31
P00391,74.0,3,2,2,La Molina,7.0,175803.97
P00392,153.1,1,1,0,San Isidro,28.0,256898.53
P00393,126.8,4,1,1,Surco,28.0,217755.82
P00394,151.1,3,3,1,Surco,14.0,262492.83
P00395,144.9,3,2,0,La Molina,30.0,231185.86
P00396,135.6,2,1,2,San Isidro,34.0,233975.74
P00397,136.8,1,3,1,Surco,16.0,222195.31
P00398,151.5,4,1,2,San Borja,18.0,284908.49
P00399,73.4,2,2,2,Miraflores,13.0,200767.08
P00400,94.7,4,2,0,San Borja,20.0,188917.73
P00401,129.4,1,1,1,San Borja,7.0,200745.49
P00402,209.0,4,2,1,San Isidro,14.0,378266.36
P00403,110.3,1,3,2,Surco,12.0,219303.1
P00404,127.7,1,2,0,Miraflores,48.0,211523.36
P00405,94.6,3,1,0,Barranco,0.0,180565.27
P00406,132.5,4,3,1,Surco,27.0,255535.39
P00407,119.5,4,2,0,San Borja,10.0,240914.65
P00408,117.7,2,1,1,San Borja,28.0,203826.8
P00409,155.5,2,1,2,San Isidro,8.0,287035.23
P00410,157.8,3,2,1,San Isidro,51.0,267075.04
P00411,125.1,4,3,2,Surco,27.0,266088.21
P00412,62.7,2,2,1,Surco,34.0,130955.53
P00413,165.7,1,2,0,La Molina,37.0,242271.26
P00414,153.5,3,1,2,La Molina,29.0,268449.8
P00415,109.0,1,1,0,San Borja,25.0,181570.87
P00416,133.0,1,2,2,San Isidro,13.0,234286.33
P00417,161.4,4,1,1,Surco,13.0,257441.93
P00418,82.5,1,2,0,Miraflores,38.0,182190.19
P00419,93.8,3,3,1,San Isidro,15.0,209042.59
P00420,40.0,2,1,1,Barranco,38.0,101338.71
P00421,124.9,4,2,0,Barranco,21.0,259977.33
P00422,85.7,3,1,0,San Borja,10.0,162972.4
P00423,67.1,1,3,1,San Isidro,36.0,186121.02
P00424,82.4,3,1,1,San Isidro,14.0,179737.7
P00425,142.7,4,2,0,San Borja,8.0,240371.89
P00426,169.2,1,3,2,Barranco,14.0,312585.07
P00427,120.4,3,3,2,Miraflores,22.0,267049.9
P00428,149.5,4,1,0,Surco,18.0,203467.96
P00429,140.2,4,1,2,Miraflores,27.0,253709.63
P00430,96.5,2,2,2,La Molina,24.0,192861.25
P00431,166.6,1,1,0,Miraflores,18.0,236107.42
P00432,134.6,2,3,2,Miraflores,4.0,263355.33
P00433,169.6,2,2,2,Miraflores,40.0,262369.02
P00434,117.6,2,2,0,La Molina,6.0,215988.62
P00435,147.5,4,1,1,San Isidro,16.0,266656.87
P00436,75.7,4,2,2,San Isidro,14.0,190203.18
P00437,126.3,1,1,2,Barranco,12.0,216279.77
P00438,115.6,2,3,0,San Isidro,19.0,215554.01
P00439,154.3,3,1,0,Miraflores,19.0,252692.4
P00440,169.2,3,3,1,Miraflores,16.0,317865.11
P00441,170.3,3,1,2,Miraflores,29.0,294205.2
P00442,133.9,2,3,1,Surco,22.0,241581.64
P00443,137.1,2,3,1,San Isidro,7.0,295797.86
P00444,108.2,4,3,0,San Isidro,2.0,241096.77
P00445,122.0,4,1,1,San Borja,16.0,223893.93
P00446,115.8,4,2,1,San Borja,33.0,220826.66
P00447,106.6,1,1,0,San Isidro,20.0,198080.33
P00448,136.5,2,3,2,San Borja,18.0,275419.13
P00449,115.5,2,2,2,Surco,21.0,192451.85
P00450,168.8,4,1,2,La Molina,32.0,287222.1
P00451,111.2,1,1,2,Barranco,44.0,193877.15
P00452,121.6,2,3,2,Surco,28.0,212991.73
P00453,127.3,2,2,2,La Molina,35.0,241668.4
P00454,175.2,2,2,1,San Isidro,14.0,298996.04
P00455,116.8,1,1,1,La Molina,16.0,213398.96
P00456,114.6,1,3,1,San Borja,8.0,219596.87
P00457,69.5,3,2,2,San Isidro,30.0,193175.74
P00458,119.3,2,1,1,Surco,32.0,199893.02
P00459,140.5,2,1,2,San Borja,23.0,239458.36
P00460,117.1,1,2,1,Miraflores,17.0,198601.19
P00461,129.4,3,3,1,San Isidro,24.0,246858.2
P00462,127.5,3,1,0,La Molina,11.0,227206.7
P00463,88.0,4,1,0,Surco,32.0,155209.87
P00464,115.4,2,2,2,Barranco,46.0,205488.74
P00465,160.0,4,2,2,San Isidro,8.0,325318.76
P00466,114.6,2,2,1,Barranco,11.0,197144.41
P00467,119.5,3,1,1,La Molina,24.0,210807.86
P00468,76.0,1,1,2,Miraflores,16.0,175714.56
P00469,52.5,1,3,0,Barranco,46.0,133779.9
P00470,157.5,1,3,1,Surco,22.0,265972.42
P00471,92.1,1,2,1,Barranco,28.0,171662.86
P00472,106.5,2,1,2,Surco,16.0,197858.99
P00473,150.7,3,1,0,San Borja,20.0,243684.02
P00474,150.4,3,1,0,San Isidro,24.0,234728.07
P00475,177.0,3,3,1,Barranco,18.0,334834.63
P00476,139.4,2,3,0,Surco,30.0,238652.62
P00477,136.0,3,2,1,San Isidro,12.0,254974.22
P00478,144.3,4,3,0,Barranco,23.0,289852.97
P00479,141.8,1,1,1,Surco,10.0,232651.13
P00480,81.0,1,3,1,La Molina,19.0,202994.91
P00481,48.9,3,1,0,La Molina,20.0,148132.29
P00482,118.9,2,3,1,Barranco,16.0,229747.47
P00483,140.4,4,2,2,Surco,11.0,245718.48
P00484,103.2,2,2,0,San Isidro,15.0,222869.23
P00485,120.2,2,1,2,Surco,14.0,216445.73
P00486,117.7,2,2,2,San Isidro,35.0,221985.22
P00487,70.6,4,1,2,La Molina,34.0,153288.03
P00488,145.9,4,1,2,Barranco,16.0,263411.09
P00489,153.6,1,1,1,La Molina,15.0,244713.27
P00490,116.2,3,1,1,San Isidro,17.0,237132.76
P00491,164.8,3,1,0,La Molina,3.0,264949.03
P00492,88.6,4,2,1,San Borja,7.0,241022.39
P00493,156.0,4,3,1,La Molina,41.0,284092.25
P00494,146.6,1,3,0,Miraflores,18.0,261865.53
P00495,173.4,2,1,2,Surco,31.0,303521.55
P00496,99.2,1,1,0,Barranco,20.0,192593.19
P00497,107.3,1,2,2,Barranco,34.0,180462.14
P00498,121.1,2,1,1,San Isidro,6.0,239040.81
P00499,145.9,1,2,2,Barranco,12.0,270619.83
P00500,145.9,3,1,0,San Isidro,26.0,267873.32
P00501,137.3,4,1,1,Surco,19.0,224684.3
P00502,106.3,3,3,2,Barranco,25.0,213312.26
P00503,109.0,4,3,0,Barranco,11.0,217032.13
P00504,78.4,3,1,1,La Molina,18.0,169191.26
P00505,122.7,2,1,0,San Isidro,32.0,208639.41
P00506,149.9,2,2,2,San Borja,19.0,281217.7
P00507,71.6,1,1,0,Surco,35.0,106138.1
P00508,141.1,4,3,0,Miraflores,12.0,289622.96
P00509,154.0,4,2,0,Barranco,3.0,286349.48
P00510,153.2,2,2,0,La Molina,15.0,282243.32
P00511,113.7,4,3,2,Surco,21.0,251890.93
P00512,74.5,4,3,2,La Molina,17.0,204019.71
P00513,120.5,2,3,2,Surco,17.0,234579.98
P00514,95.7,4,1,1,Barranco,10.0,214962.21
P00515,118.5,4,3,1,La Molina,4.0,264797.18
P00516,159.7,3,3,2,La Molina,21.0,313199.49
P00517,133.5,2,3,0,San Borja,23.0,240375.2
P00518,104.0,2,1,1,Miraflores,21.0,176835.41
P00519,136.7,4,3,2,Barranco,17.0,263410.48
P00520,117.4,3,1,1,Surco,17.0,215493.37
P00521,114.4,3,1,1,Barranco,21.0,220810.79
P00522,129.1,4,1,2,Barranco,13.0,231696.08
P00523,136.9,2,3,0,San Isidro,5.0,258484.01
P00524,103.9,1,2,0,Barranco,23.0,180189.34
P00525,132.4,4,1,2,Surco,31.0,224410.83
P00526,83.8,4,2,0,San Borja,9.0,176745.32
P00527,77.6,4,1,1,San Borja,41.0,165310.0
P00528,157.9,1,1,1,San Isidro,24.0,263180.53
P00529,102.6,4,3,2,Barranco,8.0,246994.51
P00530,101.0,2,3,0,San Isidro,2.0,199577.46
P00531,88.3,1,1,2,Surco,28.0,169532.71
P00532,161.7,4,2,0,Barranco,12.0,295870.62
P00533,153.4,1,1,2,La Molina,27.0,249878.82
P00534,97.0,2,1,2,San Borja,16.0,215470.23
P00535,78.9,2,3,0,La Molina,11.0,190296.28
P00536,154.9,2,3,0,La Molina,32.0,263251.94
P00537,122.7,3,3,0,Surco,28.0,211833.58
P00538,106.7,1,1,0,Surco,11.0,181305.04
P00539,95.5,4,3,2,La Molina,10.0,230755.25
P00540,84.9,3,2,0,La Molina,38.0,160677.52
P00541,137.6,3,1,0,San Isidro,26.0,238952.36
P00542,122.2,2,3,1,San Borja,22.0,251106.19
P00543,65.5,1,1,2,San Borja,13.0,152964.41
P00544,87.4,1,1,2,La Molina,24.0,163011.21
P00545,108.5,4,1,1,San Borja,31.0,207774.94
P00546,86.7,1,1,0,San Isidro,15.0,162600.99
P00547,118.3,3,2,1,Miraflores,17.0,225164.19
P00548,61.7,3,1,0,La Molina,14.0,153699.54
P00549,90.9,3,1,1,Surco,20.0,146127.49
P00550,135.1,4,2,1,San Isidro,21.0,271654.05
P00551,125.8,4,2,2,San Isidro,6.0,250722.63
P00552,97.7,2,3,2,Surco,6.0,210731.53
P00553,109.6,1,2,0,Surco,23.0,165511.13
P00554,109.9,4,2,1,La Molina,6.0,256977.74
P00555,120.9,3,2,1,La Molina,18.0,245053.51
P00556,129.0,2,2,1,La Molina,18.0,220252.96
P00557,137.6,4,2,1,Miraflores,11.0,273785.94
P00558,109.9,3,2,0,San Borja,32.0,218870.02
P00559,155.8,4,1,2,San Isidro,24.0,323947.0
P00560,161.5,2,1,1,La Molina,37.0,261257.7
P00561,134.8,3,2,1,Miraflores,31.0,277118.37
P00562,89.1,3,2,2,Barranco,30.0,218806.13
P00563,61.2,3,3,2,San Isidro,28.0,189291.33
P00564,111.8,1,1,2,San Isidro,25.0,184092.86
P00565,147.8,3,2,2,Miraflores,13.0,265165.5
P00566,140.7,1,1,2,La Molina,23.0,246432.24
P00567,109.0,3,2,0,La Molina,33.0,206889.5
P00568,125.0,3,1,0,San Borja,26.0,206746.96
P00569,181.3,2,3,0,Miraflores,21.0,303845.53
P00570,72.9,2,1,1,Miraflores,21.0,162095.97
P00571,146.3,2,2,0,Barranco,34.0,229117.96
P00572,150.2,1,1,1,Barranco,30.0,235089.2
P00573,93.1,4,3,1,Surco,13.0,207946.67
P00574,118.0,2,3,2,San Borja,25.0,270065.94
P00575,137.5,2,2,1,La Molina,32.0,242015.74
P00576,106.1,4,2,1,La Molina,16.0,230753.03
P00577,145.8,4,3,0,Barranco,16.0,300982.8
P00578,102.8,3,2,2,San Isidro,28.0,238117.01
P00579,136.8,3,3,1,Barranco,35.0,246299.9
P00580,119.3,4,1,0,Surco,2.0,213991.75
P00581,147.2,4,3,1,San Borja,28.0,294266.05
P00582,143.5,4,1,1,Barranco,24.0,254411.24
P00583,124.1,2,1,2,La Molina,13.0,215663.72
P00584,160.4,3,1,1,Barranco,13.0,281800.85
P00585,105.4,1,2,2,Surco,0.0,195878.52
P00586,117.3,4,1,0,Miraflores,20.0,224948.3
P00587,163.0,4,1,0,Barranco,20.0,261854.94
P00588,112.1,2,1,1,La Molina,23.0,210425.59
P00589,160.9,1,1,2,Barranco,33.0,241806.83
P00590,176.9,1,1,1,La Molina,17.0,247545.66
P00591,115.0,3,1,1,Miraflores,25.0,247254.61
P00592,67.6,1,3,2,Surco,17.0,166878.08
P00593,103.0,3,1,1,Miraflores,9.0,226066.96
P00594,56.3,1,3,1,San Isidro,14.0,150675.99
P00595,122.4,4,2,1,Barranco,28.0,210028.06
P00596,104.5,3,1,2,San Borja,38.0,182375.94
P00597,91.7,2,2,1,Surco,18.0,151067.07
P00598,134.6,1,1,1,Surco,17.0,189803.53
P00599,126.3,3,1,0,San Borja,36.0,203697.95
P00600,88.0,2,2,0,La Molina,29.0,160082.1
P00601,117.3,1,1,1,San Isidro,28.0,213383.24
P00602,117.0,2,2,1,Barranco,27.0,184345.08
P00603,158.3,2,1,0,San Borja,7.0,236993.58
P00604,126.8,1,2,0,San Isidro,25.0,242622.35
P00605,93.6,3,2,2,San Isidro,35.0,239151.43
P00606,104.1,3,3,0,San Borja,17.0,179018.74
P00607,166.2,1,2,2,San Isidro,15.0,287016.18
P00608,101.4,2,1,1,San Borja,27.0,159489.48
P00609,110.9,1,1,2,Barranco,16.0,193935.19
P00610,125.4,2,3,1,Miraflores,11.0,258409.77
P00611,71.7,4,1,2,San Borja,13.0,192478.36
P00612,111.6,1,2,2,La Molina,30.0,198679.3
P00613,71.2,4,3,1,La Molina,14.0,210032.6
P00614,102.1,2,2,1,San Borja,24.0,202825.65
P00615,162.3,4,2,1,San Borja,27.0,257442.76
P00616,110.8,2,2,0,Miraflores,23.0,221189.88
P00617,109.1,4,1,1,Miraflores,13.0,209386.35
P00618,109.0,2,1,2,San Borja,14.0,190649.48
P00619,100.7,4,1,0,San Borja,14.0,197398.53
P00620,130.9,4,1,0,San Isidro,9.0,288462.23
P00621,110.7,3,2,1,Barranco,33.0,214221.89
P00622,123.6,1,2,2,San Isidro,23.0,247240.24
P00623,120.4,3,3,2,San Borja,18.0,257580.12
P00624,98.8,4,1,0,San Borja,23.0,188562.12
P00625,139.4,3,1,0,San Borja,14.0,244815.83
P00626,135.1,1,3,1,Miraflores,39.0,242740.59
P00627,149.2,2,3,1,San Isidro,11.0,290347.62
P00628,138.3,3,3,0,San Borja,25.0,262277.73
P00629,78.8,4,2,2,San Borja,41.0,189216.75
P00630,78.3,4,2,0,San Borja,22.0,186671.67
P00631,170.6,4,1,0,La Molina,27.0,247787.53
P00632,76.0,3,1,1,Barranco,29.0,137399.02
P00633,97.0,3,1,0,Barranco,20.0,201458.75
P00634,119.1,4,3,2,San Borja,12.0,264378.74
P00635,116.1,2,3,0,Barranco,28.0,231406.87
P00636,158.6,2,1,2,Surco,15.0,268679.68
P00637,131.3,3,2,0,Miraflores,19.0,252871.43
P00638,108.6,2,1,1,La Molina,19.0,199701.19
P00639,128.5,2,1,2,Barranco,2.0,242235.26
P00640,119.7,1,3,0,San Isidro,21.0,227968.21
P00641,149.2,4,2,0,La Molina,30.0,242420.04
P00642,185.2,4,1,1,Barranco,19.0,341574.29
P00643,88.9,2,3,1,San Isidro,24.0,212451.54
P00644,91.8,4,2,0,La Molina,11.0,204905.27
P00645,70.3,3,2,0,Surco,1.0,156004.17
P00646,135.6,3,1,0,La Molina,20.0,233412.05
P00647,93.1,4,1,1,Barranco,1.0,231183.2
P00648,124.7,1,1,0,La Molina,27.0,187385.45
P00649,98.8,3,2,1,Barranco,29.0,209759.33
P00650,97.3,4,2,0,Miraflores,19.0,170239.62
P00651,104.3,1,1,1,Surco,20.0,161036.08
P00652,108.2,1,1,1,San Borja,29.0,173371.15
P00653,140.0,2,2,1,San Isidro,15.0,268240.74
P00654,128.2,2,2,1,Barranco,23.0,226893.52
P00655,139.1,2,3,1,San Isidro,19.0,279334.46
P00656,120.9,4,1,1,La Molina,34.0,214042.1
P00657,134.6,3,2,2,Barranco,2.0,284243.41
P00658,137.2,2,1,1,La Molina,16.0,205633.39
P00659,71.0,2,1,1,Barranco,35.0,141324.54
P00660,155.8,3,1,1,Barranco,29.0,261633.11
P00661,80.2,3,1,2,La Molina,18.0,177928.08
P00662,180.0,4,3,1,La Molina,32.0,313588.98
P00663,156.9,4,2,2,Barranco,24.0,298980.3
P00664,114.2,3,1,0,La Molina,20.0,218148.37
P00665,73.7,3,1,0,Surco,23.0,133813.56
P00666,103.3,4,2,0,Miraflores,11.0,216525.28
P00667,86.2,4,3,1,Miraflores,5.0,237672.21
P00668,125.8,3,3,2,Barranco,32.0,246265.8
P00669,107.3,2,3,1,Surco,36.0,224419.52
P00670,144.8,1,3,2,San Borja,20.0,263175.1
P00671,93.5,1,3,2,San Borja,14.0,205049.84
P00672,81.2,4,2,2,Miraflores,15.0,223630.38
P00673,131.3,1,2,0,San Borja,31.0,205208.92
P00674,72.3,2,3,2,San Borja,26.0,179007.56
P00675,109.7,1,1,1,La Molina,13.0,172382.75
P00676,93.6,4,1,0,Surco,4.0,184900.45
P00677,91.7,4,3,2,San Borja,36.0,212485.74
P00678,165.2,1,1,1,La Molina,7.0,274166.91
P00679,195.9,2,2,1,Miraflores,14.0,309566.95
P00680,121.4,3,2,0,Barranco,28.0,212269.42
P00681,112.5,4,1,2,San Borja,22.0,230138.2
P00682,103.2,3,2,1,Barranco,35.0,194108.48
P00683,123.5,4,3,1,La Molina,24.0,250605.11
P00684,123.6,4,3,1,Barranco,29.0,273149.58
P00685,146.8,2,2,1,La Molina,23.0,266539.43
P00686,113.3,3,1,2,La Molina,27.0,225568.55
P00687,163.6,1,2,0,San Isidro,1.0,262604.95
P00688,109.4,3,1,1,San Isidro,29.0,200956.98
P00689,118.5,3,1,0,San Isidro,14.0,210952.1
P00690,113.2,2,1,1,La Molina,12.0,211637.69
P00691,104.2,4,3,2,La Molina,15.0,241218.79
P00692,51.2,3,2,0,Miraflores,9.0,138231.47
P00693,138.8,3,1,1,San Isidro,21.0,266335.39
P00694,169.4,2,1,1,Miraflores,22.0,306857.48
P00695,113.3,2,1,0,Surco,11.0,207449.45
P00696,112.1,2,1,0,Surco,22.0,180721.94
P00697,95.8,3,2,2,Miraflores,40.0,223115.62
P00698,124.4,2,1,2,Barranco,17.0,222969.61
P00699,107.9,3,1,1,Miraflores,14.0,233978.63
P00700,121.2,4,3,2,Barranco,26.0,224234.16
P00701,128.5,1,3,1,Miraflores,11.0,253929.96
P00702,126.8,2,1,0,San Isidro,46.0,205009.56
P00703,113.9,3,2,2,La Molina,37.0,246707.67
P00704,144.8,3,3,0,San Borja,6.0,285502.07
P00705,97.3,2,1,1,San Isidro,3.0,208247.34
P00706,92.4,4,1,2,San Borja,13.0,204239.37
P00707,117.8,4,2,1,San Borja,14.0,258016.99
P00708,144.2,3,2,0,Miraflores,37.0,262840.36
P00709,74.9,4,3,1,San Borja,14.0,190797.72
P00710,144.7,1,3,2,San Isidro,3.0,277204.46
P00711,58.0,2,3,0,Surco,37.0,136204.54
P00712,141.1,3,1,1,San Borja,10.0,273330.68
P00713,110.2,2,3,0,San Isidro,12.0,263587.08
P00714,108.5,3,1,2,Surco,23.0,225037.15
P00715,143.9,3,1,0,Surco,9.0,246821.45
P00716,105.9,1,2,2,Surco,21.0,188509.41
P00717,86.5,3,3,1,San Isidro,12.0,210389.06
P00718,134.0,2,3,0,Barranco,42.0,253640.57
P00719,101.1,1,3,0,San Borja,34.0,196543.27
P00720,99.2,4,2,2,La Molina,4.0,233205.78
P00721,82.1,1,3,2,Surco,26.0,176729.94
P00722,141.0,3,2,0,Surco,23.0,252117.56
P00723,114.5,3,3,1,Miraflores,10.0,227206.05
P00724,102.4,2,1,2,Barranco,20.0,216148.76
P00725,114.3,4,3,0,Miraflores,12.0,248147.65
P00726,112.1,2,2,2,Miraflores,28.0,240816.84
P00727,129.6,3,2,1,Surco,22.0,220417.85
P00728,150.0,3,1,2,La Molina,34.0,265232.38
P00729,113.9,1,3,0,Miraflores,25.0,221517.39
P00730,103.5,3,3,2,San Borja,1.0,231851.13
P00731,105.5,3,3,0,Barranco,23.0,250983.75
P00732,142.1,3,3,2,La Molina,28.0,253111.79
P00733,149.0,1,3,1,San Isidro,31.0,275945.69
P00734,139.8,4,1,0,San Borja,35.0,248043.94
P00735,158.8,2,1,2,Miraflores,5.0,305575.47
P00736,98.3,3,3,2,San Isidro,12.0,231455.8
P00737,80.2,2,3,1,Miraflores,13.0,187323.01
P00738,67.6,3,2,0,Miraflores,21.0,195295.31
P00739,103.5,2,2,0,Surco,29.0,193317.61
P00740,109.7,2,2,2,Miraflores,18.0,218384.4
P00741,115.0,3,2,1,La Molina,15.0,220761.3
P00742,79.7,2,3,1,Miraflores,18.0,192968.67
P00743,108.1,3,2,2,San Borja,38.0,218344.16
P00744,145.8,2,2,1,San Isidro,37.0,280482.96
P00745,158.5,4,1,2,La Molina,8.0,279639.98
P00746,78.6,4,2,0,San Isidro,14.0,203821.44
P00747,140.7,4,1,1,San Borja,22.0,242923.94
P00748,98.4,3,2,2,San Borja,8.0,223452.75
P00749,86.3,2,2,2,San Borja,15.0,200508.9
P00750,109.5,4,1,2,Barranco,21.0,211460.38
P00751,135.6,4,3,1,San Borja,26.0,283654.47
P00752,48.9,3,1,2,Surco,22.0,140912.1
P00753,159.1,1,1,1,San Borja,19.0,252669.56
P00754,137.0,1,2,0,Barranco,15.0,235031.12
P00755,143.4,4,2,1,Barranco,16.0,272481.48
P00756,96.4,1,2,2,San Borja,20.0,208211.36
P00757,130.9,1,1,0,La Molina,18.0,185038.33
P00758,141.0,4,2,1,Miraflores,19.0,265440.44
P00759,103.2,4,2,1,San Borja,16.0,212373.94
P00760,146.6,2,2,2,Barranco,16.0,270298.58
P00761,125.7,4,1,2,San Borja,11.0,243508.34
P00762,138.1,4,2,2,San Borja,10.0,268994.69
P00763,88.7,4,2,0,Barranco,30.0,196895.07
P00764,118.9,3,1,2,Barranco,17.0,236019.74
P00765,109.6,1,2,2,Barranco,27.0,233229.66
P00766,147.0,1,1,0,Surco,32.0,232704.76
P00767,68.4,1,1,0,San Isidro,27.0,131795.45
P00768,84.8,2,2,0,Miraflores,13.0,193454.43
P00769,140.8,2,2,1,San Isidro,26.0,244822.08
P00770,167.0,4,3,2,San Isidro,12.0,349169.76
P00771,114.2,3,2,2,Surco,28.0,215266.16
P00772,148.2,3,3,1,Miraflores,34.0,275996.79
P00773,122.6,3,2,2,La Molina,11.0,263277.9
P00774,126.6,2,3,2,Surco,29.0,224621.19
P00775,139.4,4,2,2,San Isidro,27.0,280343.2
P00776,79.1,3,2,2,La Molina,23.0,183050.23
P00777,118.8,1,1,1,San Borja,8.0,207488.0
P00778,122.5,4,3,1,Miraflores,47.0,263556.0
P00779,133.5,2,3,1,Barranco,7.0,258408.83
P00780,75.2,1,3,2,La Molina,31.0,170485.38
P00781,94.7,2,1,0,La Molina,19.0,177842.81
P00782,137.8,2,3,2,San Isidro,8.0,275788.08
P00783,168.7,3,3,0,San Isidro,37.0,298582.89
P00784,54.6,3,3,2,La Molina,23.0,180606.44
P00785,94.2,2,1,0,Surco,26.0,167097.68
P00786,100.9,3,1,0,Surco,18.0,188866.38
P00787,192.8,3,2,1,San Borja,3.0,302800.18
P00788,162.3,3,1,0,San Borja,24.0,274961.2
P00789,107.9,1,2,1,Miraflores,17.0,194965.88
P00790,98.4,4,1,1,San Borja,35.0,200507.26
P00791,120.4,2,2,0,Miraflores,33.0,225935.09
P00792,101.9,4,3,2,La Molina,25.0,243196.48
P00793,137.7,1,1,1,San Borja,28.0,227159.46
P00794,154.2,2,2,2,San Isidro,25.0,293632.14
P00795,103.2,2,1,2,San Borja,18.0,189439.68
P00796,122.0,3,1,2,La Molina,36.0,202968.22
P00797,70.8,1,1,1,San Borja,24.0,115602.27
P00798,157.1,1,3,2,San Isidro,27.0,276407.92
P00799,119.6,1,1,2,La Molina,14.0,184754.52
P00800,65.4,1,1,0,La Molina,23.0,106134.29
